Category,Feature,Description,Status,Implementation,Notes
Donor,Dashboard,Overview of donation history points and upcoming appointments,OLD,Complete,DonorDashboard.tsx — stats + appointments + donations + rewards cards all rendered
Donor,Find Blood Drives,Discover nearby donation events with location filtering,OLD,Complete,BloodDrives.tsx — full page with location filtering
Donor,Book Appointments,Schedule donation slots with calendar integration,OLD,Complete,BookAppointment.tsx — fully wired to appointmentService
Donor,My Appointments,View reschedule or cancel bookings,OLD,Complete,MyAppointments.tsx — view/cancel works from DB
Donor,Profile Management,Update personal info blood type and contact details,OLD,Complete,Profile.tsx — full profile edit page wired to Supabase
Donor,Rewards System,Earn points badges and climb levels (gamification),OLD,Complete,Rewards.tsx + rewardService — points & badges from DB
Donor,Community,Social features including posts likes and comments,OLD,Complete,Community.tsx — full social feed page
Donor,Donation History Export,Download donation history as CSV,NEW,Complete,Profile.tsx donations tab — Export CSV button generates and downloads CSV file
Donor,Blood Type Info Page,Static page showing blood type compatibility chart,NEW,Complete,BloodTypes.tsx — /blood-types route with full compatibility chart
Donor,Donation Tips & FAQs,Static page with pre/post donation care tips,NEW,Complete,DonationTips.tsx — /tips route with tips and FAQ accordion
Donor,Share Donation Badge,Share donation achievement on social media,NEW,Complete,Rewards.tsx — Web Share API with clipboard fallback on each earned badge
Donor,Feedback Form,Simple form to rate donation experience at a drive,NEW,Complete,BloodDrives.tsx — star rating + comment dialog for past completed drives
Donor,Emergency Contact Info,Add emergency contact details to profile,NEW,Complete,Profile.tsx — emergency contact name/phone/relation fields in personal tab
Donor,Donation Counter Widget,Show X days since last donation on dashboard,NEW,Complete,DonorDashboard.tsx — callout card showing days since / until next donation
Donor,Print Appointment Slip,Generate printable appointment confirmation,NEW,Complete,MyAppointments.tsx — Print Slip button opens formatted print window
Hospital,Hospital Portal,Centralized management dashboard,OLD,Complete,HospitalPortal.tsx — full portal with inventory + requests + appointments tabs
Hospital,Blood Requests,Create urgent/routine blood type requests,OLD,Complete,Blood request form in HospitalPortal + bloodRequestService fully wired
Hospital,Inventory Management,Track available blood units,OLD,Complete,Blood inventory tab with per-blood-type cards and status badges
Hospital,Drive Management,Organize and publish blood drive events,OLD,Complete,HospitalPortal.tsx — Blood Drives tab shows drives filtered by hospital_id
Hospital,Low Stock Alert,Simple warning when blood type quantity < 10 units,NEW,Complete,HospitalPortal.tsx — critical alert banner fires when any blood type is critically low
Hospital,Blood Inventory Chart,Pie chart showing blood type distribution,NEW,Complete,HospitalPortal.tsx — Analytics tab contains Recharts PieChart for inventory distribution
Hospital,Request Status Tracker,Show status Pending to Approved to Fulfilled,NEW,Complete,HospitalPortal.tsx — 4-step stepper UI (Pending/Approved/Processing/Fulfilled) on each request card
Hospital,Drive Attendance Report,List of donors who attended a specific drive,NEW,Complete,HospitalPortal.tsx — Attendance Report CSV export button on each drive card
Hospital,Print Blood Request,Generate printable blood request form,NEW,Complete,HospitalPortal.tsx — Print button on each request opens formatted print slip window
Hospital,Hospital Profile Page,Public page showing hospital info & contact,NEW,Complete,HospitalProfile.tsx — /hospital/:id route with public hospital info page
Admin,Admin Dashboard,System-wide analytics and oversight,OLD,Complete,AdminDashboard.tsx — 7-tab dashboard with stats + donors + drives + hospitals
Admin,User Management,View donors hospitals and manage accounts,OLD,Complete,Donors tab and Hospitals tab with full CRUD (view/edit/add)
Admin,Drive Approval,Review and approve blood drive requests,OLD,Complete,AdminDashboard.tsx — Approve/Reject buttons fully wired on Blood Requests tab
Admin,Reports & Analytics,Data visualization with charts (Recharts),OLD,Complete,AdminDashboard.tsx — real Recharts charts: Donors by Blood Type + Blood Request Status + Drive Capacity
Admin,Monthly Statistics,Simple card showing this months donations count,NEW,Complete,AdminDashboard.tsx — donationsThisMonth stat card in overview stats grid
Admin,Top Donors Leaderboard,Show top donors ranked by points,NEW,Complete,AdminDashboard.tsx — dedicated getLeaderboard() query (top 20 by points desc) shown as ranked list with pts + level
Admin,Export Full Report,Download comprehensive platform CSV report,NEW,Complete,AdminDashboard.tsx — Export Report button generates 4-section CSV: Platform Summary / Top Donors / Blood Drives / Blood Requests
Admin,Export User List,Download CSV of all donors,NEW,Complete,AdminDashboard.tsx — Export CSV button in donors tab downloads donor data
Admin,System Activity Log,Simple table showing recent actions,NEW,Complete,AdminDashboard.tsx — System Activity section populated from real DB appointments + blood requests
Admin,Announcement Banner,Add a text banner visible to all users on homepage,NEW,Complete,AnnouncementBanner.tsx on Index.tsx + Supabase announcements table + Admin UI in AdminDashboard
Admin,Blood Drive Calendar,Monthly calendar view of all scheduled drives,NEW,Complete,AdminDashboard.tsx — calendar grid card in drives tab with red dot indicators + drive name on hover
AI & Support,AI Chatbot,Built-in chatbot widget for user assistance,OLD,Complete,ChatbotWidget.tsx — fully functional rule-based chatbot with keyword matching
AI & Support,Quick Action Buttons,Common tasks shortcuts in chatbot,OLD,Complete,Chatbot shows inline suggestion buttons after each bot response
AI & Support,Contact Us Form,Simple form that stores messages in database,NEW,Complete,Contact.tsx — form wired to Supabase contacts table via supabase.insert
Notifications,In-App Notifications,Notification bell icon with notification center,NEW,Complete,NotificationCenter.tsx — notification dropdown with tabs, mark read/delete functionality
Notifications,Appointment Reminders,Send reminders 1 day and 1 hour before appointment,NEW,Complete,notificationService.ts — sendAppointmentReminder function with reminder types
Notifications,Hospital Urgent Alerts,Hospitals can alert donors about urgent blood needs,NEW,Complete,HospitalPortal.tsx — Notifications tab with blood type targeting
Notifications,Admin Broadcast,Admin can broadcast notifications to all donors or by blood type,NEW,Complete,AdminDashboard.tsx — Broadcast notification dialog with priority and blood type filter
Auth & Security,Clerk Auth (Donors),Modern auth with social login,OLD,Complete,Clerk fully integrated in main.tsx + HybridAuthContext
Auth & Security,Supabase Auth (Admin/Hospital),Direct credential login,OLD,Complete,AdminLogin.tsx + HospitalLogin.tsx — Supabase direct credential auth
Auth & Security,Forgot Password,Simple password reset via email,NEW,Complete,ForgotPassword.tsx — /forgot-password route with Supabase resetPasswordForEmail
Public Pages,Landing Page,Hero section with stats and features,OLD,Complete,Index.tsx — full landing page with hero + stats + features sections
Public Pages,About Page,Company information,OLD,Complete,About.tsx — complete company info page
Public Pages,Contact Page,Contact information,OLD,Complete,Contact.tsx — contact info page wired to Supabase
Public Pages,Terms of Service,Legal terms,OLD,Complete,Terms.tsx — complete legal terms page
Public Pages,Privacy Policy,Privacy information,OLD,Complete,Privacy.tsx — complete privacy policy page
UI/UX,Responsive Design,Mobile-friendly layout,OLD,Complete,Tailwind responsive classes used throughout — md: lg: breakpoints applied
UI/UX,Dark Mode Toggle,Switch between light/dark theme,NEW,Complete,Navbar.tsx — dark mode toggle button with localStorage persistence
UI/UX,Search Donors by Blood Type,Filter donors list by blood type,NEW,Complete,AdminDashboard.tsx — Blood type dropdown filter in Donors tab with clear filters button
